{
  "generated_at": "2026-07-22T14:41:13.399875+00:00",
  "records": 4320,
  "train_records": 3024,
  "test_records": 1296,
  "split_at_ms": 1780059600000,
  "selection_rule": "highest train 95% lower confidence bound",
  "min_train_trades": 30,
  "selected": {
    "horizon_hours": 8,
    "min_funding_bps": 0.5,
    "roundtrip_bps": 3,
    "trades": 73,
    "win_rate_pct": 50.68493150684932,
    "mean_net_return_pct": 0.8571653529960271,
    "median_net_return_pct": 0.4439072070561165,
    "stdev_net_return_pct": 3.226143551330455,
    "mean_lcb95_pct": 0.11708593015248137,
    "profit_factor": 2.0243469439454715,
    "max_additive_drawdown_pct": -31.70512956549394,
    "by_side": {
      "LONG": {
        "trades": 73,
        "mean_net_return_pct": 0.8571653529960271
      },
      "SHORT": {
        "trades": 0,
        "mean_net_return_pct": 0
      }
    }
  },
  "out_of_sample": {
    "trades": 11,
    "win_rate_pct": 63.63636363636363,
    "mean_net_return_pct": 0.03930446313947091,
    "median_net_return_pct": 0.1284957150533709,
    "stdev_net_return_pct": 0.7949356592421044,
    "mean_lcb95_pct": -0.43047249102348883,
    "profit_factor": 1.1569403074864695,
    "max_additive_drawdown_pct": -1.7904003545226224,
    "by_side": {
      "LONG": {
        "trades": 11,
        "mean_net_return_pct": 0.03930446313947091
      },
      "SHORT": {
        "trades": 0,
        "mean_net_return_pct": 0
      }
    }
  },
  "portfolio": {
    "starting_capital": 10000.0,
    "ending_equity": 9929.072920530933,
    "return_pct": -0.7092707946906751,
    "accepted_trades": 3,
    "rejected": {
      "slots": 0,
      "coin": 8,
      "capacity": 0
    },
    "max_concurrent_positions": 1,
    "max_gross_notional": 3333.3333333333335,
    "max_capital_utilization_pct": 33.333333333333336,
    "win_rate_pct": 0.0,
    "mean_trade_return_pct": -0.7102280947240618,
    "mean_lcb95_pct": -1.6235370612633544,
    "max_drawdown_pct": -0.7092707946906751,
    "gross_profit": 0,
    "gross_loss": -70.92707946906916
  },
  "verdict": "REJECT_OR_REWORK",
  "top_train": [
    {
      "horizon_hours": 8,
      "min_funding_bps": 0.5,
      "roundtrip_bps": 3,
      "trades": 73,
      "win_rate_pct": 50.68493150684932,
      "mean_net_return_pct": 0.8571653529960271,
      "median_net_return_pct": 0.4439072070561165,
      "stdev_net_return_pct": 3.226143551330455,
      "mean_lcb95_pct": 0.11708593015248137,
      "profit_factor": 2.0243469439454715,
      "max_additive_drawdown_pct": -31.70512956549394,
      "by_side": {
        "LONG": {
          "trades": 73,
          "mean_net_return_pct": 0.8571653529960271
        },
        "SHORT": {
          "trades": 0,
          "mean_net_return_pct": 0
        }
      }
    },
    {
      "horizon_hours": 8,
      "min_funding_bps": 0.5,
      "roundtrip_bps": 6,
      "trades": 73,
      "win_rate_pct": 50.68493150684932,
      "mean_net_return_pct": 0.8271653529960271,
      "median_net_return_pct": 0.4139072070561165,
      "stdev_net_return_pct": 3.226143551330455,
      "mean_lcb95_pct": 0.08708593015248134,
      "profit_factor": 1.9713227126750714,
      "max_additive_drawdown_pct": -32.51512956549396,
      "by_side": {
        "LONG": {
          "trades": 73,
          "mean_net_return_pct": 0.8271653529960271
        },
        "SHORT": {
          "trades": 0,
          "mean_net_return_pct": 0
        }
      }
    },
    {
      "horizon_hours": 8,
      "min_funding_bps": 0.5,
      "roundtrip_bps": 9,
      "trades": 73,
      "win_rate_pct": 50.68493150684932,
      "mean_net_return_pct": 0.7971653529960272,
      "median_net_return_pct": 0.38390720705611653,
      "stdev_net_return_pct": 3.226143551330455,
      "mean_lcb95_pct": 0.05708593015248142,
      "profit_factor": 1.920109389122387,
      "max_additive_drawdown_pct": -33.32512956549396,
      "by_side": {
        "LONG": {
          "trades": 73,
          "mean_net_return_pct": 0.7971653529960272
        },
        "SHORT": {
          "trades": 0,
          "mean_net_return_pct": 0
        }
      }
    },
    {
      "horizon_hours": 1,
      "min_funding_bps": 0.25,
      "roundtrip_bps": 3,
      "trades": 542,
      "win_rate_pct": 44.64944649446495,
      "mean_net_return_pct": -0.07202002244575792,
      "median_net_return_pct": -0.056919264980628076,
      "stdev_net_return_pct": 0.8668855323752439,
      "mean_lcb95_pct": -0.14500242953586945,
      "profit_factor": 0.7866444674503992,
      "max_additive_drawdown_pct": -43.78709243326748,
      "by_side": {
        "LONG": {
          "trades": 540,
          "mean_net_return_pct": -0.07490259754603201
        },
        "SHORT": {
          "trades": 2,
          "mean_net_return_pct": 0.7062752546282463
        }
      }
    },
    {
      "horizon_hours": 1,
      "min_funding_bps": 0.25,
      "roundtrip_bps": 6,
      "trades": 542,
      "win_rate_pct": 42.80442804428044,
      "mean_net_return_pct": -0.10202002244575789,
      "median_net_return_pct": -0.08691926498062807,
      "stdev_net_return_pct": 0.8668855323752439,
      "mean_lcb95_pct": -0.17500242953586942,
      "profit_factor": 0.7121736192473425,
      "max_additive_drawdown_pct": -59.35305775840729,
      "by_side": {
        "LONG": {
          "trades": 540,
          "mean_net_return_pct": -0.104902597546032
        },
        "SHORT": {
          "trades": 2,
          "mean_net_return_pct": 0.6762752546282464
        }
      }
    },
    {
      "horizon_hours": 4,
      "min_funding_bps": 0.5,
      "roundtrip_bps": 3,
      "trades": 73,
      "win_rate_pct": 56.16438356164384,
      "mean_net_return_pct": 0.33809226449660224,
      "median_net_return_pct": 0.23812369466433234,
      "stdev_net_return_pct": 2.318736725993167,
      "mean_lcb95_pct": -0.1938274441572364,
      "profit_factor": 1.4604781574086692,
      "max_additive_drawdown_pct": -26.145108502165392,
      "by_side": {
        "LONG": {
          "trades": 73,
          "mean_net_return_pct": 0.33809226449660224
        },
        "SHORT": {
          "trades": 0,
          "mean_net_return_pct": 0
        }
      }
    },
    {
      "horizon_hours": 1,
      "min_funding_bps": 0.25,
      "roundtrip_bps": 9,
      "trades": 542,
      "win_rate_pct": 40.59040590405904,
      "mean_net_return_pct": -0.13202002244575792,
      "median_net_return_pct": -0.11691926498062807,
      "stdev_net_return_pct": 0.8668855323752439,
      "mean_lcb95_pct": -0.20500242953586945,
      "profit_factor": 0.644983846800578,
      "max_additive_drawdown_pct": -75.1330577584073,
      "by_side": {
        "LONG": {
          "trades": 540,
          "mean_net_return_pct": -0.134902597546032
        },
        "SHORT": {
          "trades": 2,
          "mean_net_return_pct": 0.6462752546282464
        }
      }
    },
    {
      "horizon_hours": 4,
      "min_funding_bps": 0.25,
      "roundtrip_bps": 3,
      "trades": 542,
      "win_rate_pct": 46.494464944649444,
      "mean_net_return_pct": -0.0717136418555467,
      "median_net_return_pct": -0.09474200141661582,
      "stdev_net_return_pct": 1.731491176065721,
      "mean_lcb95_pct": -0.21748651401124908,
      "profit_factor": 0.8888190523955014,
      "max_additive_drawdown_pct": -81.06118921286253,
      "by_side": {
        "LONG": {
          "trades": 540,
          "mean_net_return_pct": -0.06948014298919078
        },
        "SHORT": {
          "trades": 2,
          "mean_net_return_pct": -0.6747583357716448
        }
      }
    },
    {
      "horizon_hours": 8,
      "min_funding_bps": 0.25,
      "roundtrip_bps": 3,
      "trades": 542,
      "win_rate_pct": 45.2029520295203,
      "mean_net_return_pct": -0.017884272100377546,
      "median_net_return_pct": -0.20124742395723377,
      "stdev_net_return_pct": 2.401511398306893,
      "mean_lcb95_pct": -0.22006561664600244,
      "profit_factor": 0.9795688376916031,
      "max_additive_drawdown_pct": -112.57915934505328,